{"count":1,"self":62.914841599999995,"total":194.46828019999998,"children":{"AgentSendState":{"count":85717,"self":5.1212936,"total":10.773630599999999,"children":{"CollectObservations":{"count":205728,"self":1.2391619999999999,"total":1.2391619999999999,"children":null},"CollectDiscreteActionMasks":{"count":205728,"self":0.7263545,"total":0.7263545,"children":null},"AgentInfo.ToProto":{"count":205728,"self":2.0150636,"total":3.6868206999999997,"children":{"GenerateSensorData":{"count":205728,"self":1.6717571999999998,"total":1.6717571999999998,"children":null}}}}},"DecideAction":{"count":85717,"self":116.98922239999999,"total":116.98921829999999,"children":null},"AgentAct":{"count":85717,"self":3.7258527999999997,"total":3.7895915999999996,"children":{"AgentInfo.ToProto":{"count":2605,"self":0.0309119,"total":0.0637388,"children":{"GenerateSensorData":{"count":2605,"self":0.0328269,"total":0.0328269,"children":null}}}}}},"gauges":{"3DBall.CumulativeReward":{"count":2605,"max":100.099045,"min":1.1920929E-07,"runningAverage":6.72778,"value":100.099045,"weightedAverage":100.096458}},"metadata":{"timer_format_version":"0.1.0","start_time_seconds":"1592808268","unity_version":"2019.4.1f1","command_line_arguments":"C:\\Program Files\\Unity\\Hub\\Editor\\2019.4.1f1\\Editor\\Unity.exe -createproject M:\\hw20-explore-ml-agents -cloneFromTemplate C:\\Program Files\\Unity\\Hub\\Editor\\2019.4.1f1\\Editor\\Data\\Resources\\PackageManager\\ProjectTemplates\\com.unity.template.3d-4.2.8.tgz -cloudOrganization undefined -cloudEnvironment production -useHub -hubIPC -hubSessionId cce803a0-b442-11ea-86ce-e1625a18e402 -accessToken _y3ux1BmZFTGV7ZCOb50xS8f5fpKYp9R9wFXn96-dms008f","communication_protocol_version":"1.0.0","com.unity.ml-agents_version":"1.0.2","scene_name":"3DBall","end_time_seconds":"1592808462"}}